[
  {
    "id": "cc423666-0a2d-4413-bf09-abbfcb9a732a",
    "data": [
      {
        "text": " ",
        "userDefined": false
      },
      {
        "text": "stop",
        "alias": "command",
        "meta": "@command",
        "userDefined": false
      }
    ],
    "isTemplate": false,
    "count": 0,
    "updated": 0
  },
  {
    "id": "ab22127f-5431-440a-b471-fe2a97ee2154",
    "data": [
      {
        "text": "fermo",
        "alias": "command",
        "meta": "@command",
        "userDefined": true
      }
    ],
    "isTemplate": false,
    "count": 0,
    "updated": 0
  },
  {
    "id": "ec99a1af-b777-4b71-a0d2-7585c5539073",
    "data": [
      {
        "text": "alt",
        "alias": "command",
        "meta": "@command",
        "userDefined": true
      }
    ],
    "isTemplate": false,
    "count": 0,
    "updated": 0
  },
  {
    "id": "b5a6b3fc-9514-4ca3-b991-f3b05121e933",
    "data": [
      {
        "text": "stop",
        "alias": "command",
        "meta": "@command",
        "userDefined": true
      }
    ],
    "isTemplate": false,
    "count": 0,
    "updated": 0
  },
  {
    "id": "c732fd8a-4e73-4e14-a415-e70c1be3a006",
    "data": [
      {
        "text": "fermati",
        "alias": "command",
        "meta": "@command",
        "userDefined": true
      }
    ],
    "isTemplate": false,
    "count": 0,
    "updated": 0
  }
]