[
  {
    "id": "7f4492db-d5e8-4ec0-9ccc-353c3de1e9a1",
    "data": [
      {
        "text": "parla con me",
        "userDefined": false
      }
    ],
    "isTemplate": false,
    "count": 0,
    "updated": 0
  },
  {
    "id": "1c0f92bf-b45f-4a38-91df-808e7c491f20",
    "data": [
      {
        "text": "parla pure",
        "userDefined": false
      }
    ],
    "isTemplate": false,
    "count": 0,
    "updated": 0
  },
  {
    "id": "40a891a6-0e2c-406f-b473-d82aa5d6a1d7",
    "data": [
      {
        "text": "attiva",
        "meta": "@sys.ignore",
        "userDefined": false
      },
      {
        "text": " la ",
        "userDefined": false
      },
      {
        "text": "voce",
        "meta": "@sys.ignore",
        "userDefined": false
      }
    ],
    "isTemplate": false,
    "count": 0,
    "updated": 0
  },
  {
    "id": "dd1a780e-0aca-4ba2-9ca6-c0cd72d2334f",
    "data": [
      {
        "text": "puoi parlare",
        "userDefined": false
      }
    ],
    "isTemplate": false,
    "count": 0,
    "updated": 0
  }
]