[
  {
    "id": "57145daf-60f5-494f-a0a0-19eeda62d8de",
    "data": [
      {
        "text": "esplora la casa",
        "userDefined": false
      }
    ],
    "isTemplate": false,
    "count": 0,
    "updated": 0
  },
  {
    "id": "49485b64-9391-4109-83b1-eceb1c18bbd3",
    "data": [
      {
        "text": "vai in giro",
        "userDefined": false
      }
    ],
    "isTemplate": false,
    "count": 0,
    "updated": 0
  },
  {
    "id": "58c78826-0634-4aa3-a05b-ad9b86d3c325",
    "data": [
      {
        "text": "guardati intorno",
        "userDefined": false
      }
    ],
    "isTemplate": false,
    "count": 0,
    "updated": 0
  },
  {
    "id": "b9b80408-b1a7-4fa5-ac41-39bfaf2282fd",
    "data": [
      {
        "text": "esplora",
        "userDefined": false
      }
    ],
    "isTemplate": false,
    "count": 0,
    "updated": 0
  }
]