[
  {
    "id": "5781a88b-0b56-40fd-a66f-95bfbd9d206d",
    "data": [
      {
        "text": "  ",
        "userDefined": false
      },
      {
        "text": "gira",
        "alias": "command",
        "meta": "@command",
        "userDefined": true
      },
      {
        "text": " a ",
        "userDefined": false
      },
      {
        "text": "destra",
        "alias": "direction",
        "meta": "@direction",
        "userDefined": false
      },
      {
        "text": " di ",
        "userDefined": false
      },
      {
        "text": "30",
        "alias": "angle",
        "meta": "@sys.number",
        "userDefined": false
      },
      {
        "text": " ",
        "userDefined": false
      },
      {
        "text": "gradi",
        "alias": "unit_angle",
        "meta": "@unit_angle",
        "userDefined": true
      }
    ],
    "isTemplate": false,
    "count": 0,
    "updated": 0
  },
  {
    "id": "cf6ba0a7-fc25-4b66-b5bb-b71af4498120",
    "data": [
      {
        "text": "Archimede",
        "meta": "@sys.ignore",
        "userDefined": true
      },
      {
        "text": "  ",
        "userDefined": false
      },
      {
        "text": "gira",
        "alias": "command",
        "meta": "@command",
        "userDefined": true
      },
      {
        "text": " su te stesso di ",
        "userDefined": false
      },
      {
        "text": "180",
        "alias": "angle",
        "meta": "@sys.number",
        "userDefined": true
      },
      {
        "text": " ",
        "userDefined": false
      },
      {
        "text": "gradi",
        "alias": "unit_angle",
        "meta": "@unit_angle",
        "userDefined": true
      },
      {
        "text": " in senso ",
        "userDefined": false
      },
      {
        "text": "orario",
        "alias": "direction",
        "meta": "@direction",
        "userDefined": true
      }
    ],
    "isTemplate": false,
    "count": 0,
    "updated": 0
  },
  {
    "id": "4b3ab215-2b85-4a9b-b0e2-1785eabe7971",
    "data": [
      {
        "text": "ruota",
        "alias": "command",
        "meta": "@command",
        "userDefined": true
      },
      {
        "text": " a ",
        "userDefined": false
      },
      {
        "text": "sinistra",
        "alias": "direction",
        "meta": "@direction",
        "userDefined": true
      },
      {
        "text": " di ",
        "userDefined": false
      },
      {
        "text": "90",
        "alias": "angle",
        "meta": "@sys.number",
        "userDefined": true
      },
      {
        "text": " ",
        "userDefined": false
      },
      {
        "text": "gradi",
        "alias": "unit_angle",
        "meta": "@unit_angle",
        "userDefined": true
      }
    ],
    "isTemplate": false,
    "count": 0,
    "updated": 0
  }
]