[
  {
    "id": "1511a018-4d63-42b3-8407-d47c0c95e63b",
    "data": [
      {
        "text": "stammi vicino",
        "userDefined": false
      }
    ],
    "isTemplate": false,
    "count": 0,
    "updated": 0
  },
  {
    "id": "8a301aec-7f60-4982-95da-f94da893b299",
    "data": [
      {
        "text": "vienimi dietro",
        "userDefined": false
      }
    ],
    "isTemplate": false,
    "count": 0,
    "updated": 0
  },
  {
    "id": "f557d34b-b832-486e-8817-b88024bdcb9a",
    "data": [
      {
        "text": "seguimi",
        "userDefined": false
      }
    ],
    "isTemplate": false,
    "count": 0,
    "updated": 0
  },
  {
    "id": "dd5fa3e8-4396-4ea3-8f95-cd6cf2f92194",
    "data": [
      {
        "text": "vieni con me",
        "userDefined": false
      }
    ],
    "isTemplate": false,
    "count": 0,
    "updated": 0
  }
]