[
  {
    "id": "5655e7c4-dc16-438b-bde6-f776649f6632",
    "data": [
      {
        "text": "saluta ",
        "userDefined": false
      },
      {
        "text": "angelica",
        "alias": "person",
        "meta": "@person",
        "userDefined": true
      }
    ],
    "isTemplate": false,
    "count": 0,
    "updated": 0
  },
  {
    "id": "9b7aaac0-c31e-497c-a025-f0195f8ea14b",
    "data": [
      {
        "text": "saluta ",
        "userDefined": false
      },
      {
        "text": "luca",
        "alias": "person",
        "meta": "@person",
        "userDefined": false
      }
    ],
    "isTemplate": false,
    "count": 0,
    "updated": 0
  },
  {
    "id": "4de3f3ee-a0ec-48e6-84d2-1f00c80fb7ec",
    "data": [
      {
        "text": "saluta il tuo ",
        "userDefined": false
      },
      {
        "text": "padrone",
        "alias": "person",
        "meta": "@person",
        "userDefined": true
      }
    ],
    "isTemplate": false,
    "count": 0,
    "updated": 0
  },
  {
    "id": "43249f59-20c5-402e-a4cc-1bf9ff06c1ee",
    "data": [
      {
        "text": "di ciao",
        "meta": "@sys.ignore",
        "userDefined": true
      },
      {
        "text": " a ",
        "userDefined": false
      },
      {
        "text": "vinicia",
        "alias": "person",
        "meta": "@person",
        "userDefined": true
      }
    ],
    "isTemplate": false,
    "count": 0,
    "updated": 0
  },
  {
    "id": "e88f7692-0d95-4192-94f6-dfabe61477c0",
    "data": [
      {
        "text": "saluta",
        "meta": "@sys.ignore",
        "userDefined": false
      },
      {
        "text": " ",
        "userDefined": false
      },
      {
        "text": "vinicia",
        "alias": "person",
        "meta": "@person",
        "userDefined": true
      }
    ],
    "isTemplate": false,
    "count": 0,
    "updated": 0
  }
]