[
  {
    "id": "be1c4c97-d116-4b72-ae94-4da4a0da7022",
    "data": [
      {
        "text": "indietreggia",
        "alias": "direction",
        "meta": "@direction",
        "userDefined": true
      },
      {
        "text": " di ",
        "userDefined": false
      },
      {
        "text": "20",
        "alias": "displacement",
        "meta": "@sys.number",
        "userDefined": true
      },
      {
        "text": " ",
        "userDefined": false
      },
      {
        "text": "cm",
        "alias": "unit_length",
        "meta": "@unit_length",
        "userDefined": true
      }
    ],
    "isTemplate": false,
    "count": 0,
    "updated": 0
  },
  {
    "id": "e2cdf30e-bc61-404f-979a-870ec8d882b9",
    "data": [
      {
        "text": "avanza",
        "alias": "direction",
        "meta": "@direction",
        "userDefined": true
      },
      {
        "text": " di ",
        "userDefined": false
      },
      {
        "text": "2",
        "alias": "displacement",
        "meta": "@sys.number",
        "userDefined": true
      },
      {
        "text": " ",
        "userDefined": false
      },
      {
        "text": "metri",
        "alias": "unit_length",
        "meta": "@unit_length",
        "userDefined": true
      }
    ],
    "isTemplate": false,
    "count": 0,
    "updated": 0
  },
  {
    "id": "7567b399-8a95-4bce-8e3d-f9fb79995d09",
    "data": [
      {
        "text": " ",
        "userDefined": false
      },
      {
        "text": "avanti",
        "alias": "direction",
        "meta": "@direction",
        "userDefined": true
      },
      {
        "text": " ",
        "userDefined": false
      },
      {
        "text": "30",
        "alias": "displacement",
        "meta": "@sys.number",
        "userDefined": true
      },
      {
        "text": " ",
        "userDefined": false
      },
      {
        "text": "cm",
        "alias": "unit_length",
        "meta": "@unit_length",
        "userDefined": true
      }
    ],
    "isTemplate": false,
    "count": 0,
    "updated": 0
  },
  {
    "id": "dc931a7d-21bb-4a4f-aac1-7653a307adba",
    "data": [
      {
        "text": "vai",
        "meta": "@sys.ignore",
        "userDefined": true
      },
      {
        "text": " ",
        "userDefined": false
      },
      {
        "text": "avanti",
        "alias": "direction",
        "meta": "@direction",
        "userDefined": true
      },
      {
        "text": " di ",
        "userDefined": false
      },
      {
        "text": "50",
        "alias": "displacement",
        "meta": "@sys.number",
        "userDefined": true
      },
      {
        "text": " ",
        "userDefined": false
      },
      {
        "text": "centimetri",
        "alias": "unit_length",
        "meta": "@unit_length",
        "userDefined": true
      }
    ],
    "isTemplate": false,
    "count": 0,
    "updated": 0
  },
  {
    "id": "440f2d25-5857-49ee-bf4e-76594a16d923",
    "data": [
      {
        "text": "vai ",
        "userDefined": false
      },
      {
        "text": "indietro",
        "alias": "direction",
        "meta": "@direction",
        "userDefined": true
      },
      {
        "text": " di ",
        "userDefined": false
      },
      {
        "text": "1",
        "alias": "displacement",
        "meta": "@sys.number",
        "userDefined": true
      },
      {
        "text": " ",
        "userDefined": false
      },
      {
        "text": "metro",
        "alias": "unit_length",
        "meta": "@unit_length",
        "userDefined": true
      }
    ],
    "isTemplate": false,
    "count": 0,
    "updated": 0
  },
  {
    "id": "6d734f62-b460-4791-90fa-bd045c0359e5",
    "data": [
      {
        "text": " ",
        "userDefined": false
      },
      {
        "text": "avanza",
        "alias": "direction",
        "meta": "@direction",
        "userDefined": true
      },
      {
        "text": " di ",
        "userDefined": false
      },
      {
        "text": "10",
        "alias": "displacement",
        "meta": "@sys.number",
        "userDefined": false
      },
      {
        "text": " ",
        "userDefined": false
      },
      {
        "text": "centimetri",
        "alias": "unit_length",
        "meta": "@unit_length",
        "userDefined": true
      }
    ],
    "isTemplate": false,
    "count": 0,
    "updated": 0
  }
]