[
  {
    "id": "42631d80-d6ce-4b2d-b178-266e1420ae59",
    "data": [
      {
        "text": "guarda indietro",
        "userDefined": false
      }
    ],
    "isTemplate": false,
    "count": 0,
    "updated": 0
  },
  {
    "id": "9826f98b-12dc-43f3-bc37-bf30c6768183",
    "data": [
      {
        "text": "gira",
        "meta": "@sys.ignore",
        "userDefined": false
      },
      {
        "text": " su te stesso",
        "userDefined": false
      }
    ],
    "isTemplate": false,
    "count": 0,
    "updated": 0
  },
  {
    "id": "e10c9cc5-bb34-4ed2-8ecd-3bb32f1697e4",
    "data": [
      {
        "text": "girati",
        "meta": "@sys.ignore",
        "userDefined": false
      }
    ],
    "isTemplate": false,
    "count": 0,
    "updated": 0
  }
]