[
  {
    "id": "80c30f8c-71a6-4f3e-a8c7-c6af3f532df1",
    "data": [
      {
        "text": "guarda più ",
        "userDefined": false
      },
      {
        "text": "in",
        "meta": "@sys.ignore",
        "userDefined": false
      },
      {
        "text": " su",
        "userDefined": false
      }
    ],
    "isTemplate": false,
    "count": 0,
    "updated": 0
  },
  {
    "id": "ca2f7411-031b-4427-aaf3-b2a5e8e85a14",
    "data": [
      {
        "text": "guarda più su",
        "userDefined": false
      }
    ],
    "isTemplate": false,
    "count": 0,
    "updated": 0
  },
  {
    "id": "20bdb831-7733-4282-bc7d-0028fccd18b0",
    "data": [
      {
        "text": "alza lo sguardo",
        "userDefined": false
      }
    ],
    "isTemplate": false,
    "count": 0,
    "updated": 0
  }
]