[
  {
    "id": "ec1a9fbf-3703-409a-9fc4-8c90bd1a4fc5",
    "data": [
      {
        "text": "vai in ",
        "userDefined": false
      },
      {
        "text": "camera",
        "alias": "room",
        "meta": "@room",
        "userDefined": false
      }
    ],
    "isTemplate": false,
    "count": 0,
    "updated": 0
  },
  {
    "id": "701a2dbc-33b5-4131-9cd6-00bcacbf116d",
    "data": [
      {
        "text": "Vai ",
        "userDefined": false
      },
      {
        "text": "nell\u0027ingresso",
        "alias": "room",
        "meta": "@room",
        "userDefined": true
      }
    ],
    "isTemplate": false,
    "count": 0,
    "updated": 0
  },
  {
    "id": "e6f1f500-9930-41cd-ade5-69b324134429",
    "data": [
      {
        "text": "vai in ",
        "userDefined": false
      },
      {
        "text": "cucina",
        "alias": "room",
        "meta": "@room",
        "userDefined": false
      }
    ],
    "isTemplate": false,
    "count": 1,
    "updated": 0
  },
  {
    "id": "93f5bb64-f9b2-46e2-b70c-8140376bb725",
    "data": [
      {
        "text": "vai in ",
        "userDefined": false
      },
      {
        "text": "sala",
        "alias": "room",
        "meta": "@room",
        "userDefined": false
      }
    ],
    "isTemplate": false,
    "count": 0,
    "updated": 0
  }
]