[
  {
    "id": "4aa150a6-3fa4-4a56-87eb-93e34df37efe",
    "data": [
      {
        "text": "stop",
        "meta": "@sys.ignore",
        "userDefined": false
      },
      {
        "text": " follower",
        "userDefined": false
      }
    ],
    "isTemplate": false,
    "count": 0,
    "updated": 0
  },
  {
    "id": "0388b617-357d-4bb1-8836-37c97ee65998",
    "data": [
      {
        "text": "basta inseguimento",
        "userDefined": false
      }
    ],
    "isTemplate": false,
    "count": 0,
    "updated": 0
  },
  {
    "id": "15ced49b-9d26-4d3f-a217-6bf93bcd2662",
    "data": [
      {
        "text": "basta seguire",
        "userDefined": false
      }
    ],
    "isTemplate": false,
    "count": 0,
    "updated": 0
  },
  {
    "id": "3eea6e9e-3588-4281-874b-c0eeeace167f",
    "data": [
      {
        "text": "basta seguirmi",
        "userDefined": false
      }
    ],
    "isTemplate": false,
    "count": 0,
    "updated": 0
  },
  {
    "id": "5411d51b-637f-45b2-aa9a-e0caff93add6",
    "data": [
      {
        "text": "non seguirmi più",
        "userDefined": false
      }
    ],
    "isTemplate": false,
    "count": 0,
    "updated": 0
  },
  {
    "id": "1923037f-8005-4c95-a8cd-ef12f48ff6ff",
    "data": [
      {
        "text": "smetti di seguirmi",
        "userDefined": false
      }
    ],
    "isTemplate": false,
    "count": 0,
    "updated": 0
  }
]