[
  {
    "id": "bb473280-5152-45af-93d2-a9088ac9754a",
    "data": [
      {
        "text": "stai muto",
        "userDefined": false
      }
    ],
    "isTemplate": false,
    "count": 0,
    "updated": 0
  },
  {
    "id": "c1a6c214-1298-452d-9488-1aaedc836d6e",
    "data": [
      {
        "text": "fai silenzio",
        "userDefined": false
      }
    ],
    "isTemplate": false,
    "count": 0,
    "updated": 0
  },
  {
    "id": "700d313d-016b-43ea-8ff4-1d6cb042e145",
    "data": [
      {
        "text": "chiudi",
        "meta": "@sys.ignore",
        "userDefined": false
      },
      {
        "text": " il becco",
        "userDefined": false
      }
    ],
    "isTemplate": false,
    "count": 0,
    "updated": 0
  },
  {
    "id": "10dad288-6c9e-496c-b345-a1d9ced6e76e",
    "data": [
      {
        "text": "chiudi",
        "meta": "@sys.ignore",
        "userDefined": false
      },
      {
        "text": " la bocca",
        "userDefined": false
      }
    ],
    "isTemplate": false,
    "count": 0,
    "updated": 0
  },
  {
    "id": "620e898d-ea33-4fd4-868d-76bc053c9c26",
    "data": [
      {
        "text": "smetti di parlare",
        "userDefined": false
      }
    ],
    "isTemplate": false,
    "count": 0,
    "updated": 0
  },
  {
    "id": "35665565-a1b3-4194-b77c-ab9467c48bd6",
    "data": [
      {
        "text": "taci",
        "meta": "@sys.ignore",
        "userDefined": false
      }
    ],
    "isTemplate": false,
    "count": 0,
    "updated": 0
  },
  {
    "id": "d0f5c07d-2842-46e2-a8a0-1c52fcbb5f5d",
    "data": [
      {
        "text": "zitto",
        "userDefined": false
      }
    ],
    "isTemplate": false,
    "count": 0,
    "updated": 0
  },
  {
    "id": "f497dd29-8b7a-4e43-8d96-cc169e2415e2",
    "data": [
      {
        "text": "stai zitto",
        "meta": "@sys.ignore",
        "userDefined": false
      }
    ],
    "isTemplate": false,
    "count": 0,
    "updated": 0
  }
]