[
  {
    "id": "a2fa950f-d84d-4e47-8818-1d649564e7bb",
    "data": [
      {
        "text": "guarda più ",
        "userDefined": false
      },
      {
        "text": "in basso",
        "meta": "@sys.ignore",
        "userDefined": false
      }
    ],
    "isTemplate": false,
    "count": 0,
    "updated": 0
  },
  {
    "id": "bd699630-2569-43db-a119-376eb23a9425",
    "data": [
      {
        "text": "guarda più ",
        "userDefined": false
      },
      {
        "text": "giu",
        "meta": "@sys.ignore",
        "userDefined": false
      }
    ],
    "isTemplate": false,
    "count": 0,
    "updated": 0
  },
  {
    "id": "7fb2cecd-dad3-41ae-93ca-ddad8c62f9d9",
    "data": [
      {
        "text": "guarda ",
        "userDefined": false
      },
      {
        "text": "giù",
        "meta": "@sys.ignore",
        "userDefined": false
      }
    ],
    "isTemplate": false,
    "count": 0,
    "updated": 0
  }
]