[
  {
    "id": "309381c0-9285-424f-9789-dcb068a5b917",
    "data": [
      {
        "text": "aiutami",
        "userDefined": false
      }
    ],
    "isTemplate": false,
    "count": 0,
    "updated": 0
  },
  {
    "id": "18387af9-7b69-476f-a9e6-4dc4357a79a3",
    "data": [
      {
        "text": "aiuto",
        "userDefined": false
      }
    ],
    "isTemplate": false,
    "count": 0,
    "updated": 0
  },
  {
    "id": "0b3fb892-39a3-452f-ae19-722fc512dbd5",
    "data": [
      {
        "text": "cosa sai ",
        "userDefined": false
      },
      {
        "text": "fare",
        "meta": "@sys.ignore",
        "userDefined": false
      }
    ],
    "isTemplate": false,
    "count": 0,
    "updated": 0
  },
  {
    "id": "eaf41908-4006-419f-ab22-cc32cad1a5e5",
    "data": [
      {
        "text": "quali comandi puoi eseguire",
        "userDefined": false
      }
    ],
    "isTemplate": false,
    "count": 0,
    "updated": 0
  },
  {
    "id": "bbb053c6-c214-4e00-9625-052d6ea39590",
    "data": [
      {
        "text": "cosa posso dire",
        "userDefined": false
      }
    ],
    "isTemplate": false,
    "count": 0,
    "updated": 0
  }
]