[
  {
    "id": "a3577552-a988-427e-8774-22433089cc1b",
    "data": [
      {
        "text": "guarda ",
        "userDefined": false
      },
      {
        "text": "in alto",
        "alias": "servo_angle",
        "meta": "@servo_angle",
        "userDefined": true
      }
    ],
    "isTemplate": false,
    "count": 0,
    "updated": 0
  },
  {
    "id": "45792d7f-b466-4ed1-9fe3-e45dd67298c7",
    "data": [
      {
        "text": "guarda ",
        "userDefined": false
      },
      {
        "text": "in basso",
        "alias": "servo_angle",
        "meta": "@servo_angle",
        "userDefined": true
      }
    ],
    "isTemplate": false,
    "count": 0,
    "updated": 0
  },
  {
    "id": "7da8d169-f3ac-4fc1-96bb-723297acf96f",
    "data": [
      {
        "text": "guarda ",
        "userDefined": false
      },
      {
        "text": "avanti",
        "alias": "servo_angle",
        "meta": "@servo_angle",
        "userDefined": true
      }
    ],
    "isTemplate": false,
    "count": 0,
    "updated": 0
  }
]