[
  {
    "id": "1779e03c-d9d8-484e-8c20-74f540fc7d73",
    "data": [
      {
        "text": "rifallo",
        "userDefined": false
      }
    ],
    "isTemplate": false,
    "count": 0,
    "updated": 0
  },
  {
    "id": "141170bd-804d-4118-bba5-ed1c3c942c68",
    "data": [
      {
        "text": "ripetilo",
        "userDefined": false
      }
    ],
    "isTemplate": false,
    "count": 0,
    "updated": 0
  },
  {
    "id": "a970a0d8-c81b-4c09-8690-3d4e2fd2d2b5",
    "data": [
      {
        "text": "ancora",
        "userDefined": false
      }
    ],
    "isTemplate": false,
    "count": 0,
    "updated": 0
  },
  {
    "id": "b7fa0281-65bb-45b2-9321-4e1027930c52",
    "data": [
      {
        "text": "ripeti",
        "userDefined": false
      }
    ],
    "isTemplate": false,
    "count": 0,
    "updated": 0
  },
  {
    "id": "e966902f-a94d-476b-a031-2cadd2ed41bf",
    "data": [
      {
        "text": "di nuovo",
        "meta": "@sys.ignore",
        "userDefined": false
      }
    ],
    "isTemplate": false,
    "count": 0,
    "updated": 0
  }
]