[
  {
    "id": "c9ea350e-10d6-4338-8912-27f063ecc154",
    "data": [
      {
        "text": "archimede",
        "userDefined": false
      }
    ],
    "isTemplate": false,
    "count": 0,
    "updated": 0
  },
  {
    "id": "02c8534a-769c-4762-8963-b8ec3c688aad",
    "data": [
      {
        "text": "ehi robot",
        "userDefined": false
      }
    ],
    "isTemplate": false,
    "count": 1,
    "updated": 0
  },
  {
    "id": "ba1afd42-5dbb-4379-913c-2d648468a042",
    "data": [
      {
        "text": "ciao mio robot",
        "userDefined": false
      }
    ],
    "isTemplate": false,
    "count": 1,
    "updated": 0
  },
  {
    "id": "1cafb1d4-d67e-46e4-bf69-bed9b213f2b3",
    "data": [
      {
        "text": "robot",
        "userDefined": false
      }
    ],
    "isTemplate": false,
    "count": 1,
    "updated": 0
  }
]