[
  {
    "id": "5639642d-dd16-435d-a006-4b5f67626995",
    "data": [
      {
        "text": "arrivederci",
        "userDefined": false
      }
    ],
    "isTemplate": false,
    "count": 0,
    "updated": 0
  },
  {
    "id": "797a0aff-1449-44e3-81b4-ded548f8c7d7",
    "data": [
      {
        "text": "fine",
        "meta": "@sys.ignore",
        "userDefined": false
      }
    ],
    "isTemplate": false,
    "count": 0,
    "updated": 0
  },
  {
    "id": "73f088b4-ebc9-4fb0-9004-7198b54ff672",
    "data": [
      {
        "text": "Addio",
        "userDefined": false
      }
    ],
    "isTemplate": false,
    "count": 0,
    "updated": 0
  },
  {
    "id": "72217467-3324-4b6e-9be2-c3e0acb560ee",
    "data": [
      {
        "text": "basta",
        "userDefined": false
      }
    ],
    "isTemplate": false,
    "count": 0,
    "updated": 0
  }
]