[
  {
    "id": "666d1507-3dd2-4039-a07d-d9c18bcfe8e4",
    "data": [
      {
        "text": "che vedi",
        "userDefined": false
      }
    ],
    "isTemplate": false,
    "count": 0,
    "updated": 0
  },
  {
    "id": "5be33ee6-2356-493d-b8a2-06ec3ae5c571",
    "data": [
      {
        "text": "cosa riconosci",
        "userDefined": false
      }
    ],
    "isTemplate": false,
    "count": 0,
    "updated": 0
  },
  {
    "id": "ff6ea07f-2dcb-4df4-847e-d2f38791cbe1",
    "data": [
      {
        "text": "cosa stai vedendo",
        "userDefined": false
      }
    ],
    "isTemplate": false,
    "count": 0,
    "updated": 0
  },
  {
    "id": "5ca12a75-072c-4746-b372-7cc865ec4d63",
    "data": [
      {
        "text": "cosa vedi?",
        "userDefined": false
      }
    ],
    "isTemplate": false,
    "count": 0,
    "updated": 0
  }
]