[
  {
    "id": "1b9410b4-5a01-4e6a-9cdd-ff5d283e23c4",
    "data": [
      {
        "text": "qual\u0027è il ",
        "userDefined": false
      },
      {
        "text": "tuo nome",
        "alias": "who",
        "meta": "@who",
        "userDefined": false
      }
    ],
    "isTemplate": false,
    "count": 0,
    "updated": 0
  },
  {
    "id": "9bf1ad29-619b-40a7-abf0-f2c509b29f68",
    "data": [
      {
        "text": "chi sei",
        "alias": "who",
        "meta": "@who",
        "userDefined": false
      },
      {
        "text": "?",
        "userDefined": false
      }
    ],
    "isTemplate": false,
    "count": 0,
    "updated": 0
  },
  {
    "id": "f59625e6-fd47-4e91-8169-68f11d5b5eea",
    "data": [
      {
        "text": "come ",
        "userDefined": false
      },
      {
        "text": "ti chiami",
        "alias": "who",
        "meta": "@who",
        "userDefined": false
      }
    ],
    "isTemplate": false,
    "count": 0,
    "updated": 0
  }
]