[
  {
    "id": "f1bb6b33-89e7-4a52-82cf-5a0de38ab33f",
    "data": [
      {
        "text": "quanti ",
        "userDefined": false
      },
      {
        "text": "volt",
        "alias": "dev_property_bat",
        "meta": "@dev_property_bat",
        "userDefined": false
      },
      {
        "text": " ha la ",
        "userDefined": false
      },
      {
        "text": "batteria",
        "alias": "device",
        "meta": "@device",
        "userDefined": false
      }
    ],
    "isTemplate": false,
    "count": 0,
    "updated": 0
  },
  {
    "id": "9196d8c2-e5c2-49cb-9f06-6511fd3defed",
    "data": [
      {
        "text": "quanta ",
        "userDefined": false
      },
      {
        "text": "corrente",
        "alias": "dev_property_bat",
        "meta": "@dev_property_bat",
        "userDefined": true
      },
      {
        "text": " consuma nella ",
        "userDefined": false
      },
      {
        "text": "batteria",
        "alias": "device",
        "meta": "@device",
        "userDefined": true
      }
    ],
    "isTemplate": false,
    "count": 0,
    "updated": 0
  },
  {
    "id": "68804e21-af0f-49bd-9f54-5880cd08f909",
    "data": [
      {
        "text": "che ",
        "userDefined": false
      },
      {
        "text": "tensione",
        "alias": "dev_property_bat",
        "meta": "@dev_property_bat",
        "userDefined": true
      },
      {
        "text": " ha la ",
        "userDefined": false
      },
      {
        "text": "batteria",
        "alias": "device",
        "meta": "@device",
        "userDefined": true
      }
    ],
    "isTemplate": false,
    "count": 0,
    "updated": 0
  },
  {
    "id": "6eb6c85e-7cd2-4b5e-af59-93ef39ece6b7",
    "data": [
      {
        "text": "qual\u0027è il ",
        "userDefined": false
      },
      {
        "text": "livello di carica",
        "alias": "dev_property_bat",
        "meta": "@dev_property_bat",
        "userDefined": true
      },
      {
        "text": " della ",
        "userDefined": false
      },
      {
        "text": "batteria",
        "alias": "device",
        "meta": "@device",
        "userDefined": true
      }
    ],
    "isTemplate": false,
    "count": 0,
    "updated": 0
  },
  {
    "id": "95c9619d-6105-4658-bd37-31ea22285ce9",
    "data": [
      {
        "text": "la ",
        "userDefined": false
      },
      {
        "text": "batteria",
        "alias": "device",
        "meta": "@device",
        "userDefined": true
      },
      {
        "text": " è ",
        "userDefined": false
      },
      {
        "text": "carica",
        "alias": "dev_property_bat",
        "meta": "@dev_property_bat",
        "userDefined": true
      },
      {
        "text": "?",
        "userDefined": false
      }
    ],
    "isTemplate": false,
    "count": 0,
    "updated": 0
  },
  {
    "id": "68e6f0ca-5df9-4424-b27d-5afbc9e3763f",
    "data": [
      {
        "text": " qual\u0027è il ",
        "userDefined": false
      },
      {
        "text": "livello di tensione",
        "alias": "dev_property_bat",
        "meta": "@dev_property_bat",
        "userDefined": true
      },
      {
        "text": " della ",
        "userDefined": false
      },
      {
        "text": "batteria",
        "alias": "device",
        "meta": "@device",
        "userDefined": true
      }
    ],
    "isTemplate": false,
    "count": 0,
    "updated": 0
  }
]