[
  {
    "id": "05d4c8b5-c57b-4419-afb0-13673bbd636d",
    "data": [
      {
        "text": "io sono ",
        "userDefined": false
      },
      {
        "text": "Luca",
        "alias": "person",
        "meta": "@sys.person",
        "userDefined": true
      }
    ],
    "isTemplate": false,
    "count": 1,
    "updated": 0
  },
  {
    "id": "bd5a24eb-4a44-46a1-a399-64da7970a204",
    "data": [
      {
        "text": "Il ",
        "userDefined": false
      },
      {
        "text": "mio",
        "meta": "@sys.ignore",
        "userDefined": false
      },
      {
        "text": " ",
        "userDefined": false
      },
      {
        "text": "nome",
        "meta": "@sys.ignore",
        "userDefined": false
      },
      {
        "text": " è ",
        "userDefined": false
      },
      {
        "text": "Luca",
        "alias": "person",
        "meta": "@sys.person",
        "userDefined": true
      }
    ],
    "isTemplate": false,
    "count": 0,
    "updated": 0
  },
  {
    "id": "2af0d5cd-cc85-4f2f-ab9c-a30b619c64fd",
    "data": [
      {
        "text": "Mi chiamo ",
        "userDefined": false
      },
      {
        "text": "Vinicia",
        "alias": "person",
        "meta": "@sys.person",
        "userDefined": true
      }
    ],
    "isTemplate": false,
    "count": 0,
    "updated": 0
  },
  {
    "id": "ed07b506-9778-4083-954c-ff4c0bfb0667",
    "data": [
      {
        "text": "mi chiamo ",
        "userDefined": false
      },
      {
        "text": "Luca",
        "alias": "person",
        "meta": "@sys.person",
        "userDefined": true
      }
    ],
    "isTemplate": false,
    "count": 0,
    "updated": 0
  }
]