[
  {
    "value": "cmd_set",
    "synonyms": [
      "cmd_set",
      "Accendi"
    ]
  },
  {
    "value": "cmd_gofw",
    "synonyms": [
      "Vai",
      "vai avanti",
      "avanza"
    ]
  },
  {
    "value": "cmd_follower",
    "synonyms": [
      "cmd_follower",
      "Seguimi"
    ]
  },
  {
    "value": "cmd_get",
    "synonyms": [
      "cmd_get"
    ]
  },
  {
    "value": "cmd_explore",
    "synonyms": [
      "cmd_explore",
      "Esplora"
    ]
  },
  {
    "value": "cmd_surveil",
    "synonyms": [
      "cmd_surveil",
      "Sorveglia"
    ]
  },
  {
    "value": "cmd_unset",
    "synonyms": [
      "cmd_unset",
      "Spegni"
    ]
  },
  {
    "value": "cmd_rotate",
    "synonyms": [
      "cmd_rotate",
      "ruota",
      "gira"
    ]
  },
  {
    "value": "cmd_gobk",
    "synonyms": [
      "cmd_gobk",
      "vai indietro",
      "indietreggia"
    ]
  },
  {
    "value": "cmd_stop",
    "synonyms": [
      "cmd_stop",
      "fermo",
      "fermati",
      "alt",
      "stop"
    ]
  },
  {
    "value": "cmd_sayhello",
    "synonyms": [
      "cmd_sayhello",
      "saluta",
      "di ciao"
    ]
  }
]