[
  {
    "value": "rele",
    "synonyms": [
      "rele",
      "relè"
    ]
  },
  {
    "value": "robot",
    "synonyms": [
      "arduino",
      "robot"
    ]
  },
  {
    "value": "laser",
    "synonyms": [
      "laser"
    ]
  },
  {
    "value": "faretto",
    "synonyms": [
      "faretto",
      "faro",
      "luce",
      "lampadina",
      "luci",
      "fari"
    ]
  },
  {
    "value": "batteria",
    "synonyms": [
      "batteria"
    ]
  },
  {
    "value": "servo",
    "synonyms": [
      "servo"
    ]
  },
  {
    "value": "lidar",
    "synonyms": [
      "lidar",
      "laidar",
      "scanner",
      "radar"
    ]
  }
]