[
  {
    "value": "camera",
    "synonyms": [
      "camera"
    ]
  },
  {
    "value": "cameretta",
    "synonyms": [
      "cameretta"
    ]
  },
  {
    "value": "corridoio",
    "synonyms": [
      "corridoio",
      "in corridorio",
      "nel corridoio"
    ]
  },
  {
    "value": "cucina",
    "synonyms": [
      "cucina",
      "in cucina",
      "nella cucina"
    ]
  },
  {
    "value": "ingresso",
    "synonyms": [
      "ingresso",
      "nell\u0027ingresso"
    ]
  },
  {
    "value": "sala",
    "synonyms": [
      "sala",
      "sala da pranzo",
      "salone"
    ]
  }
]